{
  "token_acc":0.9993729628,
  "token_p":0.9709879229,
  "token_r":0.9851924249,
  "token_f":0.978038602,
  "tag_acc":0.9470021863,
  "sents_p":0.8833910035,
  "sents_r":0.8392504931,
  "sents_f":0.8607552259,
  "dep_uas":0.8679136622,
  "dep_las":0.829055423,
  "dep_las_per_type":{
    "mark":{
      "p":0.8710743802,
      "r":0.9146129816,
      "f":0.8923129021
    },
    "nsubj":{
      "p":0.8902167871,
      "r":0.8750170742,
      "f":0.8825514914
    },
    "case":{
      "p":0.9270279443,
      "r":0.9133875822,
      "f":0.920157215
    },
    "det":{
      "p":0.9563456915,
      "r":0.9576786619,
      "f":0.9570117126
    },
    "amod":{
      "p":0.8626943005,
      "r":0.8946459413,
      "f":0.8783796514
    },
    "nmod":{
      "p":0.7858900738,
      "r":0.7432117921,
      "f":0.7639553429
    },
    "cop":{
      "p":0.8534923339,
      "r":0.8657834101,
      "f":0.8595939377
    },
    "advcl":{
      "p":0.6029684601,
      "r":0.6587837838,
      "f":0.6296415886
    },
    "compound":{
      "p":0.7419446821,
      "r":0.7432162239,
      "f":0.7425799087
    },
    "obl":{
      "p":0.7505335041,
      "r":0.7624105788,
      "f":0.7564254221
    },
    "root":{
      "p":0.8768328446,
      "r":0.8354700855,
      "f":0.8556518812
    },
    "advmod":{
      "p":0.8216110976,
      "r":0.7867629923,
      "f":0.8038095238
    },
    "flat":{
      "p":0.6649417853,
      "r":0.6140979689,
      "f":0.6385093168
    },
    "parataxis":{
      "p":0.2401574803,
      "r":0.3370165746,
      "f":0.2804597701
    },
    "nmod:tmod":{
      "p":0.4220183486,
      "r":0.2459893048,
      "f":0.3108108108
    },
    "acl:relcl":{
      "p":0.7178871549,
      "r":0.6726659168,
      "f":0.6945412311
    },
    "obj":{
      "p":0.872214941,
      "r":0.9087391898,
      "f":0.8901025412
    },
    "aux":{
      "p":0.9414917374,
      "r":0.9385574354,
      "f":0.9400222965
    },
    "obl:npmod":{
      "p":0.537037037,
      "r":0.4496124031,
      "f":0.4894514768
    },
    "cc":{
      "p":0.8908427339,
      "r":0.8740234375,
      "f":0.8823529412
    },
    "nmod:poss":{
      "p":0.8850704225,
      "r":0.9503932244,
      "f":0.9165694282
    },
    "acl":{
      "p":0.6899004267,
      "r":0.628238342,
      "f":0.6576271186
    },
    "ccomp":{
      "p":0.677124183,
      "r":0.692513369,
      "f":0.6847323199
    },
    "xcomp":{
      "p":0.770863836,
      "r":0.7846497765,
      "f":0.7776957164
    },
    "conj":{
      "p":0.6756677429,
      "r":0.6830860534,
      "f":0.6793566475
    },
    "nsubj:pass":{
      "p":0.8115942029,
      "r":0.843373494,
      "f":0.8271787297
    },
    "aux:pass":{
      "p":0.9350132626,
      "r":0.9227748691,
      "f":0.9288537549
    },
    "dislocated":{
      "p":0.6666666667,
      "r":0.1333333333,
      "f":0.2222222222
    },
    "reparandum":{
      "p":0.2,
      "r":0.14,
      "f":0.1647058824
    },
    "nummod":{
      "p":0.7211028632,
      "r":0.810488677,
      "f":0.7631874299
    },
    "appos":{
      "p":0.3723916533,
      "r":0.410619469,
      "f":0.3905723906
    },
    "obl:tmod":{
      "p":0.51171875,
      "r":0.6150234742,
      "f":0.5586353945
    },
    "fixed":{
      "p":0.872909699,
      "r":0.8006134969,
      "f":0.8352
    },
    "expl":{
      "p":0.7559055118,
      "r":0.7773279352,
      "f":0.7664670659
    },
    "csubj":{
      "p":0.609375,
      "r":0.3545454545,
      "f":0.4482758621
    },
    "iobj":{
      "p":0.8421052632,
      "r":0.690647482,
      "f":0.7588932806
    },
    "orphan":{
      "p":0.25,
      "r":0.0384615385,
      "f":0.0666666667
    },
    "compound:prt":{
      "p":0.7602179837,
      "r":0.8558282209,
      "f":0.8051948052
    },
    "discourse":{
      "p":0.7432950192,
      "r":0.600619195,
      "f":0.6643835616
    },
    "dep":{
      "p":0.3778625954,
      "r":0.436123348,
      "f":0.4049079755
    },
    "vocative":{
      "p":0.2857142857,
      "r":0.3125,
      "f":0.2985074627
    },
    "nmod:npmod":{
      "p":0.2916666667,
      "r":0.1666666667,
      "f":0.2121212121
    },
    "cc:preconj":{
      "p":0.88,
      "r":0.7857142857,
      "f":0.8301886792
    },
    "obl:agent":{
      "p":0.2105263158,
      "r":0.2222222222,
      "f":0.2162162162
    },
    "det:predet":{
      "p":0.8292682927,
      "r":0.8,
      "f":0.8143712575
    },
    "list":{
      "p":0.3055555556,
      "r":0.1284046693,
      "f":0.1808219178
    },
    "goeswith":{
      "p":0.25,
      "r":0.1818181818,
      "f":0.2105263158
    },
    "csubj:pass":{
      "p":0.75,
      "r":0.3,
      "f":0.4285714286
    },
    "flat:foreign":{
      "p":0.0,
      "r":0.0,
      "f":0.0
    }
  },
  "speed":24920.5567877969
}